<?xml version="1.0" encoding="utf-8"?>
<extension version="2.5" type="plugin" group="vmpayment" method="upgrade">
	<name>VMPAYMENT_ERIP_EXPRESSPAY</name>
	<author>ООО «ТриИнком»</author>
	<creationDate>May 2016</creationDate>
	<authorUrl>https://express-pay.by/</authorUrl>
	<version>2.3</version>
	<description>VMPAYMENT_DESCRIPTION</description>
	<files>
		<filename plugin="erip_expresspay">erip_expresspay.php</filename>
		<filename>index.html</filename>
		<filename>erip_expresspay.xml</filename>
		<folder>assets</folder>
		<folder>fields</folder>
	</files>
	<languages>
		<language tag="ru-RU">ru-RU.plg_vmpayment_erip_expresspay.ini</language>
		<language tag="en-GB">en-GB.plg_vmpayment_erip_expresspay.ini</language>
	</languages>
	<vmconfig>
		<fields name="params">
			<fieldset name="basic" addfieldpath="/plugins/vmpayment/erip_expresspay/fields">
				<field type="getinfo" default=""/>
				<field name="token" type="text" size="30" label="VMPAYMENT_TOKEN_LABEL" description="VMPAYMENT_TOKEN_DESC" default="" />
				<field type="gethandlerurl" label="VMPAYMENT_HANDLER_URL_LABEL" default=""/>
				<field name="sign_invoices" type="checkbox" label="VMPAYMENT_SIGN_INVOICES_LABEL" description="VMPAYMENT_SIGN_INVOICES_DESC" default="" />
				<field name="secret_key" type="text" size="30" label="VMPAYMENT_SECRET_KEY_LABEL" description="VMPAYMENT_SECRET_KEY_DESC" default="" />
				<field name="sign_notify" type="checkbox" label="VMPAYMENT_SIGN_NOTIFY_LABEL" description="VMPAYMENT_SIGN_NOTIFY_DESC" default="" />
				<field name="secret_key_notify" type="text" size="30" label="VMPAYMENT_SECRET_KEY_NOTIFY_LABEL" description="VMPAYMENT_SECRET_KEY_NOTIFY_DESC" default="" />
				<field name="name_editable" type="checkbox" label="VMPAYMENT_NAME_EDITABLE_LABEL" description="VMPAYMENT_NAME_EDITABLE_DESC" default="" />
				<field name="address_editable" type="checkbox" label="VMPAYMENT_ADDRESS_EDITABLE_LABEL" description="VMPAYMENT_ADDRESS_EDITABLE_DESC" default="" />
				<field name="amount_notify" type="checkbox" label="VMPAYMENT_AMOUNT_EDITABLE_LABEL" description="VMPAYMENT_AMOUNT_EDITABLE_DESC" default="" />
				<field name="test_mode" type="checkbox" label="VMPAYMENT_TEST_MODE_LABEL" default="" />
				<field name="url_api" type="text" size="30" label="VMPAYMENT_URL_API_LABEL" default="https://api.express-pay.by" />
				<field name="url_sandbox_api" type="text" size="30" label="VMPAYMENT_SANDBOX_API_LABEL" default="https://sandbox-api.express-pay.by" />
				<field name="message_success" type="getmessagesuccess" label="VMPAYMENT_MESSAGE_SUCCESS_LABEL" default="" />

				<field name="settings" type="note" label="VMPAYMENT_SETTINGS" />

				<field name="status_pending" type="vmorderstate" scope="com_virtuemart" default="P" label="VMPAYMENT_STATUS_PENDING" description="VMPAYMENT_STATUS_PENDING_EXPLAIN" />
				<field name="status_success" type="vmorderstate" scope="com_virtuemart" default="C" label="VMPAYMENT_STATUS_SUCCESS" description="VMPAYMENT_STATUS_SUCCESS_EXPLAIN" />
				<field name="status_canceled" type="vmorderstate" scope="com_virtuemart" default="X" label="VMPAYMENT_STATUS_FAILED" description="VMPAYMENT_STATUS_FAILED_EXPLAIN" />

				<field type="getcopyright" default=""/>
			</fieldset>
		</fields>
	</vmconfig>
</extension>